City_ID,City,Lat,Lng,Max Temp,Humidity,Cloudiness,Wind Speed,Country,Date
0,chibougamau,49.9168,-74.3659,11.82,79,100,3.44,CA,1701900060
1,port-aux-francais,-49.35,70.2167,40.08,91,100,21.0,TF,1701900061
2,margaret river,-33.95,115.0667,57.74,82,99,12.33,AU,1701900062
3,eldorado at santa fe,35.5264,-105.9347,55.31,35,0,8.99,US,1701900063
4,puerto natales,-51.7236,-72.4875,55.85,44,20,24.16,CL,1701900064
5,holualoa,19.6228,-155.9522,80.55,74,0,3.0,US,1701900065
6,uturoa,-16.7333,-151.4333,79.32,80,100,17.45,PF,1701900066
7,xilin hot,43.9667,116.0333,20.89,78,100,11.3,CN,1701900067
8,afaahiti,-17.75,-149.2833,82.27,87,100,16.78,PF,1701900067
9,port lincoln,-34.7333,135.8667,63.41,65,100,13.15,AU,1701900068
10,lazaro cardenas,17.9583,-102.2,84.61,61,72,6.22,MX,1701899953
11,west island,-12.1568,96.8225,76.98,94,100,8.05,CC,1701900070
12,jawhar,2.7809,45.5005,73.9,81,6,7.81,SO,1701900070
13,yemva,62.59,50.8594,-18.85,100,41,1.28,RU,1701900071
14,brookings,44.3114,-96.7984,54.09,52,54,6.93,US,1701899804
15,tsiombe,-25.3,45.4833,72.63,73,43,14.88,MG,1701900073
16,grytviken,-54.2811,-36.5092,31.35,79,51,9.75,GS,1701900074
17,singkil,-7.9855,111.4161,74.97,89,78,3.98,ID,1701900074
18,iqaluit,63.7506,-68.5145,8.33,78,20,10.36,CA,1701900075
19,san luis de la loma,17.2706,-100.8939,83.25,69,100,2.53,MX,1701900077
20,aasiaat,68.7098,-52.8699,22.24,71,100,20.09,GL,1701900077
21,vanimo,-2.6741,141.3028,78.28,90,100,5.46,PG,1701900078
22,tazacorte,28.629,-17.9293,68.97,88,75,7.0,ES,1701900079
23,gebeit,21.0667,36.3167,71.55,80,11,8.55,SD,1701900079
24,ust'-ilimsk,58.0006,102.6619,-41.57,99,10,3.0,RU,1701900080
25,abaza,52.655,90.0928,18.34,83,98,16.67,RU,1701900081
26,college,64.8569,-147.8028,6.08,85,100,0.0,US,1701900082
27,ushuaia,-54.8,-68.3,47.86,66,0,28.77,AR,1701900083
28,adamstown,-25.066,-130.1015,73.38,78,99,11.14,PN,1701900085
29,tofol,5.3248,163.0078,82.18,83,75,10.36,FM,1701900085
30,rabigh,22.7986,39.0349,80.49,63,18,3.98,SA,1701900087
31,kavieng,-2.5744,150.7967,83.28,77,100,4.99,PG,1701900088
32,novobod,39.0108,70.1508,42.55,37,61,5.32,TJ,1701900088
33,ovruch,51.3246,28.8035,14.68,97,99,6.64,UA,1701900089
34,hawaiian paradise park,19.5933,-154.9731,79.03,76,27,1.99,US,1701900090
35,waitangi,-43.9535,-176.5597,61.83,93,100,3.0,NZ,1701900091
36,bredasdorp,-34.5322,20.0403,62.78,88,35,8.66,ZA,1701900092
37,palmer,42.1584,-72.3287,34.52,67,100,1.99,US,1701900093
38,dashitou,43.3067,128.5114,13.33,71,8,6.08,CN,1701900093
39,luderitz,-26.6481,15.1594,61.38,92,2,8.55,NA,1701900094
40,ribeira grande,38.5167,-28.7,64.8,77,40,18.41,PT,1701900095
41,san antonio de pale,-1.4014,5.6325,80.49,79,23,10.69,GQ,1701900096
42,jiutai,44.1525,125.8328,10.74,90,49,4.63,CN,1701900096
43,egilsstadir,65.2653,-14.3948,15.71,92,75,3.44,IS,1701900097
44,portel,-1.9356,-50.8211,82.45,72,31,4.03,BR,1701900098
45,hawera,-39.5917,174.2833,64.29,73,10,14.81,NZ,1701900098
46,divnoye,45.9089,43.3547,33.3,87,100,19.44,RU,1701899886
47,puerto ayora,-0.7393,-90.3518,85.96,89,91,5.99,EC,1701900100
48,fort st. john,56.2499,-120.8529,39.09,52,20,12.66,CA,1701900101
49,kapa'a,22.0752,-159.319,79.11,69,35,7.0,US,1701900102
50,weno,7.4515,151.8468,82.22,77,83,15.77,FM,1701900103
51,kattivakkam,13.2167,80.3167,80.69,84,34,6.04,IN,1701900103
52,lompoc,34.6391,-120.4579,71.78,69,40,10.36,US,1701900058
53,stanley,54.868,-1.6985,36.77,92,0,5.75,GB,1701900106
54,fortuna,40.5982,-124.1573,55.92,96,75,8.05,US,1701900107
55,drayton valley,53.2168,-114.9854,32.99,84,100,1.68,CA,1701900010
56,taksimo,56.3444,114.8794,-24.0,87,23,1.92,RU,1701900110
57,midland,31.9974,-102.0779,67.05,55,0,14.97,US,1701899494
58,fort bragg,35.139,-79.006,51.82,41,20,10.36,US,1701900112
59,constantia,44.1833,28.65,39.88,83,100,19.08,RO,1701900114
60,avarua,-21.2078,-159.775,82.45,74,75,20.71,CK,1701900116
61,yallahs,17.8748,-76.5624,89.33,83,12,9.6,JM,1701900117
62,ban na san,8.8004,99.3637,78.85,99,82,1.92,TH,1701900120
63,enewetak,11.3474,162.3373,81.72,72,94,21.77,MH,1701900121
64,praia da vitoria,38.7333,-27.0667,64.65,77,75,16.06,PT,1701900122
65,cabo san lucas,22.8909,-109.9124,84.61,71,26,1.99,MX,1701900123
66,bethel,41.3712,-73.414,36.52,71,94,1.99,US,1701900124
67,yellowknife,62.456,-114.3525,18.12,93,100,6.91,CA,1701900073
68,ilulissat,69.2167,-51.1,30.22,47,75,2.3,GL,1701900128
69,port elizabeth,-33.918,25.5701,69.1,82,100,13.8,ZA,1701900129
70,olonkinbyen,70.9221,-8.7187,25.32,81,100,8.12,SJ,1701900130
71,hilo,19.7297,-155.09,79.09,80,100,4.0,US,1701899961
72,susuman,62.7833,148.1667,-57.01,99,71,1.01,RU,1701900132
73,edinburgh of the seven seas,-37.0676,-12.3116,57.72,77,10,18.43,SH,1701900133
74,mega,4.05,38.3,61.61,50,5,6.2,ET,1701900135
75,ilam,26.9167,87.9167,54.61,75,93,5.48,NP,1701900136
76,prairie du chien,43.0517,-91.1412,42.82,56,0,6.91,US,1701900028
77,tura,25.5198,90.2201,66.99,72,100,2.59,IN,1701900138
78,kavaratti,10.5669,72.642,81.9,69,95,3.0,IN,1701900139
79,minas de marcona,-15.2119,-75.1103,65.14,64,97,16.37,PE,1701900140
80,aldan,58.6031,125.3894,-32.64,98,100,2.28,RU,1701900143
81,tidjikja,18.5564,-11.4271,72.57,17,79,11.43,MR,1701900145
82,amga,60.8953,131.9608,-36.4,95,100,1.83,RU,1701900147
83,waingapu,-9.6567,120.2641,80.46,82,40,4.21,ID,1701900148
84,arkhangel'sk,64.5401,40.5433,-6.88,83,20,4.47,RU,1701900154
85,hadibu,12.65,54.0333,76.86,68,100,12.71,YE,1701900162
86,katsuura,35.1333,140.3,59.02,69,65,23.15,JP,1701900164
87,blackmans bay,-43.0167,147.3167,62.73,55,100,1.01,AU,1701900166
88,grand falls-windsor,48.9332,-55.6649,21.9,86,100,3.62,CA,1701900108
89,atafu village,-8.5421,-172.5159,84.43,75,99,7.83,TK,1701900167
90,hola,51.5377,23.1902,32.18,95,100,10.2,PL,1701900168
91,albany,42.6001,-73.9662,31.68,88,97,1.01,US,1701899908
92,thompson,55.7435,-97.8558,24.96,93,75,6.91,CA,1701900031
93,tulcingo de valle,18.05,-98.4333,76.77,43,100,14.56,MX,1701900171
94,anadyr,64.75,177.4833,-5.01,83,100,31.32,RU,1701900172
95,tete,-16.1564,33.5867,79.36,58,6,10.87,MZ,1701900173
96,kanniyakumari,8.0833,77.5667,79.77,82,94,7.16,IN,1701900175
97,tiksi,71.6872,128.8694,-14.13,97,100,7.9,RU,1701900176
98,ankang,32.68,109.0172,44.1,60,0,1.83,CN,1701900177
99,puerto deseado,-47.7503,-65.8938,52.18,58,0,10.22,AR,1701900178
100,archangelos,36.2149,28.1149,60.78,71,100,7.14,GR,1701900179
101,north bay,46.3168,-79.4663,19.11,76,75,3.44,CA,1701900180
102,whitehorse,60.7161,-135.0538,30.97,80,75,12.66,CA,1701900157
103,crane,31.3974,-102.3501,65.41,44,75,18.03,US,1701900183
104,metlili chaamba,32.2667,3.6333,54.54,38,0,3.44,DZ,1701900184
105,hermanus,-34.4187,19.2345,63.93,86,5,10.65,ZA,1701900189
106,puerto aysen,-45.4,-72.7,64.42,63,47,3.83,CL,1701900194
107,plouzane,48.3833,-4.6167,51.85,90,100,21.85,FR,1701900195
108,aykhal,66.0,111.5,-12.06,98,100,4.54,RU,1701900196
109,ulsteinvik,62.3432,5.8487,34.75,63,100,3.0,NO,1701900197
110,rajpipla,21.8667,73.5,72.84,69,76,7.29,IN,1701900198
111,portland,45.5234,-122.6762,51.46,96,100,7.0,US,1701899749
112,yeniseysk,58.4497,92.1703,-14.06,91,100,5.01,RU,1701900205
113,punta arenas,-53.15,-70.9167,51.91,66,0,27.63,CL,1701900123
114,posto fiscal rolim de moura,-13.0833,-62.2667,82.99,65,84,0.87,BR,1701900207
115,tikhvin,59.6451,33.5294,-3.78,99,64,2.91,RU,1701900208
116,iskateley,67.6803,53.1512,1.02,97,100,8.99,RU,1701900209
117,mil'kovo,55.6078,37.7956,14.4,100,99,2.1,RU,1701900210
118,haiku-pauwela,20.9219,-156.3051,82.42,64,40,20.71,US,1701900210
119,la foa,-21.7108,165.8276,79.43,56,64,4.9,NC,1701900213
120,papatowai,-46.5619,169.4708,51.33,75,97,10.8,NZ,1701900214
121,lesnoy,57.6198,63.0784,-24.2,96,13,5.35,RU,1701900215
122,rosa zarate,0.3333,-79.4667,78.42,87,100,4.61,EC,1701900216
123,okhotsk,59.3833,143.3,-4.32,73,100,13.76,RU,1701900217
124,yebaishou,41.3975,119.6408,24.53,45,14,4.25,CN,1701900218
125,walvis bay,-22.9575,14.5053,60.1,88,42,1.14,NA,1701900219
126,saipan,15.1355,145.701,83.1,78,20,12.66,MP,1701900220
127,verkhnevilyuysk,63.4453,120.3167,-52.85,100,77,2.17,RU,1701900221
128,labasa,-16.4167,179.3833,81.59,71,100,4.34,FJ,1701900222
129,billings,45.7833,-108.5007,60.3,31,75,19.57,US,1701900160
130,luau,-10.7073,22.2247,65.21,95,48,3.56,AO,1701900224
131,murzuq,25.9155,13.9184,63.7,28,100,9.22,LY,1701900224
132,kodiak,57.79,-152.4072,33.31,47,0,24.16,US,1701899957
133,fortaleza,-3.7227,-38.5247,84.07,78,20,9.22,BR,1701900000
134,torghay,49.6339,63.4981,15.85,70,6,7.7,KZ,1701900227
135,nogliki,51.8333,143.1667,25.34,87,100,4.0,RU,1701900229
136,ola,59.5833,151.2833,0.18,64,100,9.24,RU,1701900230
137,klyuchi,52.2667,79.1667,7.39,70,100,20.31,RU,1701900231
138,qaqortoq,60.7167,-46.0333,32.83,68,100,7.54,GL,1701900232
139,polygyros,40.3744,23.4383,47.93,83,100,1.9,GR,1701900233
140,ouro preto do oeste,-10.7481,-62.2158,82.18,67,62,3.62,BR,1701900233
141,vorgashor,67.5833,63.95,-23.58,100,12,3.15,RU,1701900235
142,buala,-8.145,159.5921,81.05,85,100,16.26,SB,1701900235
143,morehead city,34.7229,-76.726,46.4,73,40,19.57,US,1701900050
144,boguchany,58.3814,97.4531,-24.14,93,100,7.0,RU,1701900237
145,geraldton,-28.7667,114.6,66.61,82,40,10.36,AU,1701900238
146,isabela,6.7085,121.9711,75.25,81,51,8.08,PH,1701900239
147,isafjordur,66.0755,-23.124,35.69,67,11,16.89,IS,1701900240
148,ciudad bolivar,8.1222,-63.5497,84.38,57,100,16.15,VE,1701900241
149,male,4.1748,73.5089,82.35,89,75,6.91,MV,1701900005
150,kourou,5.1552,-52.6478,80.65,92,70,5.68,GF,1701900011
151,karratha,-20.7377,116.8463,85.91,26,6,9.57,AU,1701900245
152,roccella ionica,38.322,16.4009,57.31,66,100,11.45,IT,1701900246
153,mirpur sakro,24.5474,67.6277,68.23,26,0,8.72,PK,1701900247
154,udachny,66.4167,112.4,-13.09,98,99,3.06,RU,1701900249
155,hassi messaoud,31.6804,6.0729,57.06,38,0,4.61,DZ,1701900250
156,fiambala,-27.6871,-67.6149,75.0,42,0,10.98,AR,1701900251
157,tbeng meanchey,13.8167,104.9667,75.42,89,100,1.68,KH,1701900252
158,chandur,19.7333,79.1833,66.13,95,100,5.26,IN,1701900253
159,longyearbyen,78.2186,15.6401,24.64,68,40,21.85,SJ,1701900254
160,berehomet,48.1788,25.3486,30.97,97,100,6.71,UA,1701900255
161,bamboo flat,11.7,92.7167,77.09,100,75,1.14,IN,1701900256
162,at taraf,25.3628,49.725,57.74,32,4,2.35,SA,1701900257
163,chincha alta,-13.4099,-76.1323,70.39,72,100,5.44,PE,1701900258
164,armacao de buzios,-22.7469,-41.8817,86.05,90,16,21.65,BR,1701900164
165,lihue,21.9789,-159.3672,78.75,71,55,11.54,US,1701899985
166,sinop,41.7711,34.8709,48.49,76,94,7.36,TR,1701900261
167,teuva,62.4819,21.7416,22.57,94,100,5.44,FI,1701900262
168,diapaga,12.0708,1.7889,78.46,14,29,6.69,BF,1701900263
169,tamanrasset,22.785,5.5228,60.71,18,0,4.61,DZ,1701900264
170,calvinia,-31.4707,19.776,70.54,27,0,2.86,ZA,1701900265
171,francisco i. madero,29.7059,-107.8043,66.7,13,98,5.48,MX,1701900266
172,pacocha,-17.5833,-71.3333,73.54,64,0,10.36,PE,1701900267
173,wailua homesteads,22.0669,-159.378,81.03,75,40,10.36,US,1701900268
174,petropavlovsk-kamchatsky,53.0452,158.6483,15.46,69,0,15.01,RU,1701900269
175,kokopo,-4.352,152.2633,80.53,78,89,1.83,PG,1701900270
176,jinxiang,27.4327,120.6062,54.03,70,0,5.08,CN,1701900272
177,zimnicea,43.6667,25.3667,43.75,95,100,7.25,RO,1701900273
178,dzhalagash,45.0833,64.6667,26.01,54,99,9.48,KZ,1701900274
179,hastings,50.8552,0.5729,47.28,45,100,14.03,GB,1701900275
180,port saint john's,-31.6229,29.5448,67.51,89,100,16.46,ZA,1701900276
181,patong,7.8961,98.2966,77.14,84,37,5.44,TH,1701900085
182,bardai,11.65,7.2333,70.48,18,11,8.68,NG,1701900279
183,vilyuchinsk,52.9306,158.4028,16.93,84,63,6.69,RU,1701900280
184,kuanda,56.3161,116.0806,-23.06,97,97,0.89,RU,1701900281
185,chonchi,-42.6128,-73.8092,61.81,61,11,2.93,CL,1701900282
186,hamilton,39.1834,-84.5333,41.63,70,98,14.0,US,1701899668
187,sao tome,0.3365,6.7273,80.8,79,26,4.16,ST,1701900284
188,dudinka,69.4058,86.1778,-13.32,98,100,8.01,RU,1701900285
189,bilibino,68.0546,166.4372,-23.64,99,100,4.09,RU,1701900286
190,mata-utu,-13.2816,-176.1745,82.24,79,65,13.13,WF,1701900287
191,myeik,12.4333,98.6,76.41,89,98,3.91,MM,1701900288
192,brisas de zicatela,15.8369,-97.0419,85.19,62,76,3.33,MX,1701900289
193,puerto baquerizo moreno,-0.9,-89.6,81.59,69,40,11.5,EC,1701900290
194,zarichne,51.8126,26.129,27.03,89,100,9.98,UA,1701900291
195,saint croix,17.7397,-64.7388,81.05,83,40,5.75,VI,1701900292
196,kabansk,52.0486,106.6528,10.36,89,100,3.58,RU,1701900293
197,miracema do tocantins,-9.5618,-48.3967,88.03,46,76,2.68,BR,1701900294
198,richards bay,-28.783,32.0377,68.34,85,100,4.65,ZA,1701900295
199,santo augusto,-27.8508,-53.7772,72.99,92,99,6.78,BR,1701900296
200,isangel,-19.55,169.2667,80.71,74,75,2.3,VU,1701900297
201,howard springs,-12.497,131.047,78.71,88,98,2.84,AU,1701900298
202,vadso,70.0744,29.7487,15.96,92,75,4.61,NO,1701900299
203,kyshtovka,56.555,76.6271,-20.65,94,27,8.01,RU,1701900300
204,vel'sk,61.0701,42.0983,4.08,96,99,3.18,RU,1701900301
205,suwayr,30.1171,40.3893,63.54,56,29,8.43,SA,1701900302
206,kone,-21.0595,164.8658,81.82,52,100,5.21,NC,1701900304
207,thulamahashi,-24.7246,31.1994,68.5,88,100,5.91,ZA,1701900305
208,invercargill,-46.4,168.35,54.25,59,82,16.78,NZ,1701900306
209,jamestown,42.097,-79.2353,33.39,86,100,6.91,US,1701900243
210,tazovsky,67.4667,78.7,-18.94,99,100,10.04,RU,1701900308
211,upata,8.0086,-62.3989,77.2,95,94,4.03,VE,1701900309
212,kudahuvadhoo,2.6708,72.8944,82.04,78,100,7.4,MV,1701900310
213,ape,57.5393,26.6929,6.49,99,93,5.08,LV,1701900311
214,priob'ye,62.5206,65.5964,-34.98,96,6,4.76,RU,1701900313
215,suva,-18.1416,178.4415,85.48,66,40,8.05,FJ,1701900314
216,belyayevka,51.3974,56.4096,6.76,99,83,0.94,RU,1701900315
217,klaksvik,62.2266,-6.589,40.12,72,76,21.3,FO,1701900316
218,sittwe,20.15,92.9,75.42,87,97,5.55,MM,1701900098
219,hakui,36.8833,136.7833,57.34,81,99,26.42,JP,1701900319
220,novoagansk,61.9449,76.6625,-24.38,90,6,10.29,RU,1701900320
221,ust-nera,64.5667,143.2,-50.8,90,16,1.61,RU,1701900321
222,smithers,54.7804,-127.1743,37.72,75,40,4.61,CA,1701900059
223,deniliquin,-35.5333,144.9667,77.05,24,100,3.0,AU,1701900323
224,moyynkum,44.2914,72.9469,33.44,53,100,8.43,KZ,1701900324
225,yuzhno-kurilsk,44.0306,145.8556,45.37,84,100,13.58,RU,1701900325
226,trujillo,-8.116,-79.03,67.96,83,75,13.8,PE,1701900162
227,olyokminsk,60.3736,120.4264,-49.72,100,74,0.78,RU,1701900327
228,bel ombre,-4.6167,55.4167,76.84,94,75,12.66,SC,1701900328
229,gadzhiyevo,69.2551,33.3362,3.58,97,91,10.38,RU,1701900329
230,ta`u,-14.2336,-169.5144,80.35,83,33,12.24,AS,1701900330
231,pandan,14.0453,124.1694,78.1,82,80,7.54,PH,1701900331
232,bikenibeu village,1.3673,173.1241,84.16,74,75,6.91,KI,1701900331
233,horta,38.5333,-28.6333,64.04,79,40,18.41,PT,1701900333
234,velikiy ustyug,60.7644,46.3106,-0.6,96,34,4.0,RU,1701900333
235,badger,64.8,-147.5333,6.67,84,100,3.44,US,1701900334
236,braidwood,41.265,-88.2123,38.3,84,74,7.56,US,1701900336
237,robat karim,35.4846,51.0829,48.06,41,20,6.91,IR,1701900337
238,georgetown,5.4112,100.3354,80.53,92,20,1.14,MY,1701900124
239,nuku'alofa,-21.1333,-175.2,84.54,74,40,8.05,TO,1701900339
240,kayangel,8.0823,134.7173,83.41,75,84,9.98,PW,1701900340
241,orkney,-26.9802,26.6727,65.95,76,89,16.93,ZA,1701900068
242,fale old settlement,-9.3852,-171.2468,84.36,75,98,10.76,TK,1701900342
243,acarau,-2.8856,-40.12,80.82,79,94,18.7,BR,1701900069
244,sitka,57.0531,-135.33,42.69,75,75,12.66,US,1701900344
245,guanica,17.9716,-66.908,84.11,44,0,9.04,PR,1701900345
246,freetown,8.484,-13.2299,82.11,69,40,11.5,SL,1701900221
247,katsuren-haebaru,26.3369,127.8719,68.38,60,75,12.66,JP,1701900348
248,rio grande,-32.035,-52.0986,69.91,96,100,3.38,BR,1701900349
249,chissamba,-12.1667,17.3333,62.89,99,61,3.71,AO,1701900350
250,heliopolis,36.5036,7.4428,48.6,92,100,2.77,DZ,1701900351
251,manta,-0.95,-80.7333,80.38,83,75,6.91,EC,1701900352
252,erechim,-27.6342,-52.2739,68.54,97,100,3.42,BR,1701900299
253,digri,25.1558,69.1113,64.2,38,0,8.99,PK,1701900354
254,queenstown,-31.8976,26.8753,55.83,91,98,2.68,ZA,1701900355
255,raduzhny,62.0961,77.475,-23.51,89,6,10.25,RU,1701900170
256,t'aebaek,37.1759,128.9889,27.59,46,8,15.28,KR,1701900357
257,austin,30.2672,-97.7431,70.66,37,0,5.75,US,1701900254
258,lebu,-37.6167,-73.65,58.3,79,2,15.21,CL,1701900359
259,zhumysker,49.3333,49.4,21.49,93,99,6.98,KZ,1701900359
260,slave lake,55.2834,-114.769,33.78,69,0,0.0,CA,1701900216
261,christchurch,-43.5333,172.6333,67.53,63,40,10.36,NZ,1701900361
262,antsiranana,-12.2787,49.2917,77.45,75,93,9.17,MG,1701900363
263,hithadhoo,-0.6,73.0833,82.94,77,38,11.45,MV,1701900364
264,puke,42.0444,19.8997,38.86,90,100,3.71,AL,1701900365
265,yatou,37.15,122.3833,41.4,61,4,9.24,CN,1701900366
266,nar'yan-mar,67.6713,53.087,1.11,97,100,8.99,RU,1701900367
267,keflavik,64.0049,-22.5624,35.51,60,0,20.71,IS,1701900368
268,mandaguacu,-23.3472,-52.0953,85.6,66,40,8.05,BR,1701900369
269,gandajika,-6.75,23.95,67.87,98,100,3.04,CD,1701900370
270,roma,43.2128,-75.4557,29.95,74,75,14.0,US,1701900364
271,ji'an,27.1172,114.9793,50.7,70,0,3.58,CN,1701900372
272,mukalla,14.5425,49.1242,71.2,69,7,2.37,YE,1701900202
273,ipora,-16.4419,-51.1178,76.08,67,83,2.62,BR,1701900097
274,ishigaki,24.3448,124.1572,69.93,64,100,13.8,JP,1701900374
275,remire-montjoly,4.9167,-52.2667,78.84,94,75,1.14,GF,1701900375
276,sunne,59.8376,13.143,16.12,96,100,2.19,SE,1701900376
277,rakops,-21.0167,24.3333,85.59,26,78,17.2,BW,1701900377
278,puerto san jose,13.9256,-90.8244,85.93,71,17,10.31,GT,1701900129
279,tam ky,15.5667,108.4833,72.36,94,100,4.72,VN,1701900379
280,berezovo,63.9381,65.0419,-36.71,99,12,3.42,RU,1701900380
281,eydhafushi,5.1033,73.0708,82.92,76,98,7.2,MV,1701900381
282,emerald,-23.5333,148.1667,77.34,66,0,13.04,AU,1701900286
283,shache,38.4167,77.2406,39.7,35,6,2.82,CN,1701900383
284,newman,37.3138,-121.0208,64.63,37,64,15.9,US,1701900384
285,cill airne,52.05,-9.5167,47.57,96,94,5.39,IE,1701900385
286,nova sintra,14.8667,-24.7167,70.97,73,100,18.48,CV,1701900386
287,salinas,36.6777,-121.6555,65.77,71,40,14.97,US,1701900297
288,ponta delgada,37.7333,-25.6667,68.72,88,75,17.27,PT,1701900388
289,talnakh,69.4865,88.3972,-12.51,99,100,8.34,RU,1701900390
290,akyurt,40.1351,33.0861,43.14,93,75,3.44,TR,1701900391
291,kuressaare,58.2481,22.5039,33.94,88,20,9.22,EE,1701900392
292,bonthe,7.5264,-12.505,79.97,85,0,6.67,SL,1701900393
293,kihancha,-1.1838,34.6262,63.99,87,47,2.24,KE,1701900193
294,lobujya,27.95,86.8167,14.61,26,3,2.89,NP,1701900395
295,winnemucca,40.973,-117.7357,60.85,36,0,3.44,US,1701900396
296,kyosai,34.8503,128.5886,42.76,56,2,7.74,KR,1701900397
297,willowmore,-33.2926,23.4895,55.09,91,2,9.37,ZA,1701900398
298,bhainsdehi,21.6467,77.6325,63.91,91,100,1.88,IN,1701900399
299,manicore,-5.8092,-61.3003,88.2,44,88,1.5,BR,1701900400
300,sao miguel do araguaia,-13.275,-50.1628,87.91,40,72,4.74,BR,1701900401
301,neryungri,56.6709,124.6491,-29.79,97,100,4.56,RU,1701900402
302,taseyevo,57.2169,94.8978,-10.66,82,100,13.0,RU,1701900403
303,kashgar,39.4547,75.9797,40.05,30,24,2.8,CN,1701900404
304,mili,6.0815,171.735,82.22,82,77,21.21,MH,1701900405
305,betio village,1.358,172.9211,84.24,81,100,19.86,KI,1701900406
306,padang,-0.9492,100.3543,77.05,89,100,2.33,ID,1701900206
307,princeville,45.7668,-61.2985,29.43,83,75,8.05,CA,1701900408
308,colonia,50.9333,6.95,38.88,91,75,2.3,DE,1701900197
309,miyazu,35.5333,135.1833,49.69,83,69,8.97,JP,1701900409
310,san jorge,-31.8962,-61.8598,74.84,67,68,7.0,AR,1701900410
311,carnarvon,-24.8667,113.6333,72.66,73,0,20.38,AU,1701900411
312,nadym,65.5333,72.5167,-38.18,100,29,7.31,RU,1701900412
313,chhor,25.5167,69.7667,65.77,39,0,10.07,PK,1701900413
314,dazhou,31.2159,107.5009,50.38,81,0,3.85,CN,1701900414
315,nova olimpia,-14.7972,-57.2881,89.69,41,83,3.18,BR,1701900350
316,bougouni,11.417,-7.479,78.12,18,5,4.65,ML,1701900416
317,utrik,11.2278,169.8474,81.25,77,97,24.0,MH,1701900417
318,saudarkrokur,65.7461,-19.6394,20.88,59,3,7.09,IS,1701900356
319,adrar,20.5022,-10.0711,68.31,18,99,10.02,MR,1701900421
320,ilabaya,-17.4208,-70.5133,72.01,54,87,8.46,PE,1701900422
321,robore,-18.3333,-59.75,90.88,43,81,5.57,BO,1701900423
322,igarka,67.4667,86.5833,-17.0,87,100,12.64,RU,1701900424
323,salalah,17.0151,54.0924,77.09,41,0,9.22,OM,1701900425
324,callaway,30.153,-85.5699,58.91,51,0,7.0,US,1701900426
325,guerrero negro,27.9769,-114.0611,76.87,30,0,9.95,MX,1701900201
326,mount isa,-20.7333,139.5,85.77,39,1,8.05,AU,1701900428
327,new norfolk,-42.7826,147.0587,63.91,56,100,5.3,AU,1701900428
328,pointe-noire,-4.7761,11.8635,79.41,83,54,4.56,CG,1701900429
329,port mathurin,-19.6833,63.4167,78.13,79,3,7.99,MU,1701900430
330,dubinino,55.6192,89.0911,-1.66,95,100,12.62,RU,1701900431
331,san mateo del mar,16.2,-95.0,80.76,67,96,31.7,MX,1701900432
332,hudson,40.7168,-74.0663,39.33,50,40,12.66,US,1701900067
333,dryden,49.7833,-92.7503,30.2,84,100,3.69,CA,1701900434
334,yorkton,51.2167,-102.4677,36.36,61,43,2.66,CA,1701900435
335,mala vyska,48.6431,31.6366,26.67,72,100,9.86,UA,1701900436
336,dolores,-36.3132,-57.6792,64.83,97,99,7.76,AR,1701900437
337,santa cruz,-17.8,-63.1667,87.26,55,20,16.11,BO,1701900438
338,hwange,-18.3693,26.5019,85.89,25,18,10.11,ZW,1701900439
339,azangaro,-14.9167,-70.2167,49.15,73,98,7.49,PE,1701900440
340,kalemie,-5.9475,29.1947,70.12,84,65,3.4,CD,1701900441
341,palm bay,28.0345,-80.5887,62.06,56,0,18.01,US,1701900442
342,sao gabriel da cachoeira,-0.1303,-67.0892,77.23,93,59,2.44,BR,1701900443
343,kalenderovci donji,44.945,17.8339,36.93,93,100,6.6,BA,1701900444
344,magong,23.5654,119.5863,70.32,57,86,29.57,TW,1701900445
345,port-vila,-17.7338,168.3219,82.0,78,75,16.11,VU,1701900446
346,songjianghe,42.1859,127.479,9.54,85,11,5.66,CN,1701900447
347,al hasakah,36.5024,40.7477,53.76,87,79,5.59,SY,1701900448
348,port alfred,-33.5906,26.891,67.17,84,67,4.0,ZA,1701900449
349,marquette,46.5333,-87.6335,32.04,75,100,11.01,US,1701900450
350,kenora,49.8167,-94.4337,31.14,88,100,3.24,CA,1701900451
351,rundu,-17.9333,19.7667,80.94,39,96,4.72,NA,1701900452
352,dubai,25.2582,55.3047,75.13,64,0,2.3,AE,1701900356
353,watseka,40.7762,-87.7364,36.09,82,66,3.0,US,1701900455
354,aral,40.5156,81.2636,35.1,37,12,5.1,CN,1701900456
355,harstad,68.799,16.5293,28.15,89,96,17.0,NO,1701900458
356,ancud,-41.8697,-73.8203,57.49,74,15,5.79,CL,1701900459
357,agadez,19.75,10.25,64.15,25,0,3.42,NE,1701900460
358,lee acres,35.1487,-106.647,61.84,31,20,6.91,US,1701900300
359,dongola,19.1667,30.4833,66.51,26,59,13.04,SD,1701900463
360,alice springs,-23.7,133.8833,85.55,35,0,9.22,AU,1701900437
361,el fasher,13.6279,25.3494,66.99,13,11,7.25,SD,1701900465
362,sibolga,1.7427,98.7792,76.33,93,100,3.18,ID,1701900441
363,itagiba,-14.2836,-39.8428,76.84,70,5,7.63,BR,1701900433
364,sterling,39.0062,-77.4286,42.89,55,75,19.57,US,1701899606
365,arraial do cabo,-22.9661,-42.0278,76.86,88,0,17.27,BR,1701900469
366,broome,42.2506,-75.833,31.32,83,100,6.91,US,1701900470
367,veinticinco de mayo,-35.4323,-60.1727,64.63,94,90,7.25,AR,1701900470
368,stephenville,32.2207,-98.2023,68.86,36,0,8.05,US,1701900472
369,lockwood,45.8191,-108.4149,60.42,31,75,19.57,US,1701900472
370,zhalantun,48.0,122.7167,-0.9,81,51,5.84,CN,1701900473
371,elko,41.0002,-115.5012,57.22,46,4,7.0,US,1701900474
372,kailua-kona,19.6406,-155.9956,82.51,73,20,11.5,US,1701900476
373,karwar,14.8,74.1333,75.43,78,62,3.6,IN,1701900477
374,berezovyy,51.6667,135.7,10.54,97,100,2.13,RU,1701900477
375,bedele,8.456,36.353,55.36,89,3,2.64,ET,1701900478
376,carlsbad,33.1581,-117.3506,80.35,56,0,8.05,US,1701900420
377,midvagur,62.0511,-7.1939,40.03,75,40,14.97,FO,1701900480
378,sarikei,2.1167,111.5167,73.9,99,100,2.86,MY,1701900481
379,kruisfontein,-34.0033,24.7314,66.88,86,79,10.69,ZA,1701900482
380,khadro,26.1472,68.7176,64.42,38,0,7.74,PK,1701900483
381,amod,21.9833,72.9,75.29,58,85,9.6,IN,1701900484
382,pitiquito,30.7,-112.0833,80.53,16,1,5.23,MX,1701900485
383,darnah,32.767,22.6367,64.24,71,100,10.49,LY,1701900487
384,akureyri,65.6835,-18.0878,12.54,85,3,5.82,IS,1701900488
385,san patricio,28.017,-97.5169,72.16,53,78,11.63,US,1701900489
386,khandyga,62.6667,135.6,-49.16,97,100,1.52,RU,1701900490
387,vilyuysk,63.7553,121.6247,-50.01,100,84,3.0,RU,1701900491
388,cox,38.1475,-0.8909,54.5,86,87,3.0,ES,1701900492
389,calca,-13.3333,-71.95,61.95,73,97,7.11,PE,1701900493
390,calp,38.6447,0.0445,55.54,77,98,9.71,ES,1701900494
391,san pedro carcha,15.4833,-90.2667,68.61,83,75,4.61,GT,1701900495
392,kita,13.0349,-9.4895,78.19,17,3,4.12,ML,1701900496
393,saldanha,-33.0117,17.9442,65.55,74,0,4.45,ZA,1701900497
394,opuwo,-18.0607,13.84,75.22,60,59,4.76,NA,1701900499
395,samaro,25.2815,69.3965,64.8,38,0,9.35,PK,1701900500
396,kolobrzeg,54.1757,15.5834,30.96,84,100,12.84,PL,1701900501
397,sao joao da barra,-21.6403,-41.0511,78.89,89,1,16.22,BR,1701900502
398,recani,31.2846,-4.2688,59.04,40,35,4.34,MA,1701900503
399,zeya,53.75,127.2667,-0.29,98,100,1.83,RU,1701900504
400,canyon,34.9803,-101.9188,69.67,24,38,17.0,US,1701900312
401,mahebourg,-20.4081,57.7,77.25,82,47,7.63,MU,1701900506
402,mtambile,-5.3833,39.7,80.56,82,94,8.37,TZ,1701900506
403,mallow,52.1333,-8.6333,51.03,97,100,8.34,IE,1701900507
404,howrah,22.5892,88.3103,66.2,88,75,6.91,IN,1701900508
405,qamdo,31.1667,97.2333,11.73,44,48,2.44,CN,1701900509
406,fairfield glade,36.0004,-84.8863,40.6,63,0,4.61,US,1701900510
407,meru,0.0463,37.6559,59.7,88,86,3.18,KE,1701900511
408,san martin,-33.081,-68.4681,82.74,18,0,13.4,AR,1701900512
409,taulaga,-11.0553,-171.0883,82.8,80,93,12.12,AS,1701900513
410,tamiahua,21.2667,-97.45,70.23,89,100,4.83,MX,1701900514
411,zhangye,38.9342,100.4517,30.09,34,18,1.59,CN,1701900515
412,kem',64.9555,34.5793,-0.26,100,80,3.71,RU,1701900516
413,rikaze,29.25,88.8833,25.05,60,29,3.4,CN,1701900517
414,'ali sabieh,11.1558,42.7125,67.23,71,13,11.05,DJ,1701900263
415,magistral'nyy,56.1725,107.4458,-31.63,99,96,3.29,RU,1701900519
416,yuanping,38.7153,112.7575,30.96,41,0,0.98,CN,1701900520
417,cidreira,-30.1811,-50.2056,73.11,96,67,8.05,BR,1701900522
418,formosa,-26.1775,-58.1781,82.27,84,18,4.14,AR,1701900523
419,nchelenge,-9.3451,28.734,70.66,88,100,2.37,ZM,1701900524
420,ceeldheer,3.8488,47.1806,77.59,65,47,15.82,SO,1701900525
421,sao francisco,-15.9486,-44.8644,83.43,24,14,4.0,BR,1701900526
422,st. john's,47.5649,-52.7093,25.56,85,44,4.0,CA,1701900526
423,mount gambier,-37.8333,140.7667,58.84,55,100,4.97,AU,1701900527
424,pitimbu,-7.4706,-34.8086,79.39,75,12,9.98,BR,1701900528
425,lamu,-2.2717,40.902,80.82,83,96,9.57,KE,1701900529
426,yegor'yevsk,55.3783,39.0411,-3.01,100,97,1.99,RU,1701900471
427,mpraeso,6.5932,-0.7346,73.83,58,100,3.04,GH,1701900531
428,jiayuguan,39.8167,98.3,34.47,24,89,3.02,CN,1701900532
429,el granada,37.5027,-122.4694,63.86,90,75,14.97,US,1701900533
430,codrington,-38.2667,141.9667,59.5,58,100,4.09,AU,1701900534
431,freeport,40.6576,-73.5832,39.38,59,100,20.71,US,1701900535
432,lagoa,39.05,-27.9833,62.37,74,100,25.05,PT,1701900536
433,broken hill,-31.95,141.4333,86.95,25,99,19.62,AU,1701900438
434,amurzet,47.6967,131.0981,-3.39,95,16,5.01,RU,1701900538
435,xining,36.6167,101.7667,27.97,29,0,2.44,CN,1701900539
436,sinabang,2.4803,96.3801,79.3,86,100,9.08,ID,1701900540
437,lerwick,60.1545,-1.1494,39.2,80,17,19.86,GB,1701900540
438,mulanje,-16.0316,35.5,68.25,84,8,9.69,MW,1701900541
439,papao,-17.75,-149.55,83.88,87,100,17.76,PF,1701900542
440,ebon,4.582,168.6964,82.65,81,95,21.36,MH,1701900543
441,gijang,35.2442,129.2139,44.38,48,2,10.07,KR,1701900544
442,neiafu,-18.65,-173.9833,84.88,74,20,12.66,TO,1701900545
443,jianshui,23.6363,102.8264,53.46,78,99,2.21,CN,1701900546
444,oppdal,62.5943,9.6912,15.57,71,100,7.11,NO,1701900526
445,twon-brass,4.3151,6.2418,81.48,78,87,10.96,NG,1701900548
446,pacific grove,36.6177,-121.9166,64.65,81,100,14.97,US,1701900313
447,byron bay,-28.65,153.6167,79.72,67,6,2.57,AU,1701900550
448,aweil,8.7682,27.4002,81.48,20,3,8.25,SS,1701900552
449,khasab,26.1799,56.2477,75.11,49,0,1.32,OM,1701900553
450,kindu,-2.95,25.95,70.72,99,96,1.05,CD,1701900554
451,kodinsk,58.6881,99.1844,-26.55,91,73,5.59,RU,1701900555
452,rexburg,43.826,-111.7897,48.18,57,0,3.44,US,1701900556
453,la passe,45.5549,-0.8967,39.43,88,72,10.74,FR,1701900557
454,hailar,49.2,119.7,-21.8,98,22,5.5,CN,1701900558
455,port moresby,-9.4431,147.1797,80.28,74,100,4.97,PG,1701900489
456,flying fish cove,-10.4217,105.6791,76.68,88,75,5.75,CX,1701900560
457,nuuk,64.1835,-51.7216,45.21,31,75,25.32,GL,1701900561
458,yung shue wan,22.2333,114.1167,66.67,56,94,9.44,HK,1701900563
459,malya,-2.9833,33.5167,68.45,86,63,2.73,TZ,1701900564
460,cole harbour,44.6724,-63.4751,24.98,83,84,1.99,CA,1701900565
461,brymbo,53.0667,-3.0667,37.11,94,100,14.67,GB,1701900566
462,tomatlan,19.9333,-105.25,88.68,40,68,6.44,MX,1701900567
463,abu jibeha,11.4562,31.2285,76.66,20,10,8.03,SD,1701900568
464,aginskoye,51.1,114.53,-8.37,93,26,0.69,RU,1701900569
465,touros,-5.1989,-35.4608,79.86,77,25,14.56,BR,1701900570
466,miri,4.4148,114.0089,77.45,92,98,3.8,MY,1701900571
467,solnechnyy,50.7214,136.6319,15.03,99,100,0.85,RU,1701900572
468,ganserndorf,48.3392,16.7202,39.18,88,100,9.15,AT,1701900573
469,knyaze-volkonskoye,48.4642,135.4567,16.14,94,100,7.0,RU,1701900574
470,fujieda,34.8667,138.2667,51.08,83,70,6.96,JP,1701900575
471,prado,-17.3411,-39.2208,77.14,81,0,8.03,BR,1701900576
472,el campo,29.1966,-96.2697,71.89,30,0,3.44,US,1701900577
473,karis,60.0718,23.6616,32.63,82,100,7.54,FI,1701900578
474,mhamid,29.82,-5.72,62.76,35,71,5.88,MA,1701900580
475,taltal,-25.4,-70.4833,68.49,66,22,8.52,CL,1701900581
476,el galpon,-25.3807,-64.6526,75.27,75,92,6.91,AR,1701900582
477,montemor-o-novo,38.6481,-8.2145,50.59,86,100,4.59,PT,1701900583
478,mont-laurier,46.5501,-75.4993,7.72,94,8,1.92,CA,1701900481
479,kutum,14.2,24.6667,63.1,15,3,7.96,SD,1701900585
480,sabang,5.8933,95.3214,80.71,77,100,3.94,ID,1701900586
481,dawei,14.0833,98.2,74.75,88,33,3.47,MM,1701900587
482,nieuw amsterdam,5.8833,-55.0833,80.62,85,40,6.91,SR,1701900588
483,kingston,17.997,-76.7936,77.22,90,40,3.91,JM,1701900589
484,rapla,59.0072,24.7928,19.11,98,91,4.54,EE,1701900590
485,kasane,-17.8167,25.15,79.16,30,35,3.18,BW,1701900591
486,saint-pierre,-21.3393,55.4781,77.58,69,100,6.91,RE,1701900592
487,chuhar jamali,24.3895,67.9923,65.34,31,0,10.0,PK,1701900593
488,arteche,12.2645,125.4048,77.85,79,99,6.13,PH,1701900594
489,arkalyk,50.2486,66.9114,11.1,73,96,10.67,KZ,1701900595
490,funafuti,-8.5243,179.1942,89.6,74,75,12.66,TV,1701900596
491,komadi,47.0,21.5,36.16,99,100,3.31,HU,1701900597
492,las vegas,36.175,-115.1372,70.48,24,0,8.01,US,1701900244
493,tuy hoa,13.0833,109.3,73.65,91,99,6.46,VN,1701900598
494,mugia,43.1041,-9.2179,53.91,85,100,32.64,ES,1701900599
495,san clemente del tuyu,-36.3569,-56.7235,63.99,94,100,12.88,AR,1701900600
496,karera,25.4667,78.15,64.78,49,58,5.61,IN,1701900564
497,santa ana,33.7456,-117.8678,82.42,47,20,10.36,US,1701900590
498,conception bay south,47.4999,-52.9981,25.32,84,57,5.88,CA,1701900222
499,hammerfest,70.6634,23.6821,21.65,63,58,17.27,NO,1701900607
500,pampierstad,-27.7832,24.6877,71.51,58,80,10.29,ZA,1701900608
501,ambodifotatra,-16.9833,49.85,77.85,76,27,2.75,MG,1701900610
502,linares,-35.85,-71.6,83.59,16,0,6.11,CL,1701900507
503,mwene-ditu,-7.0,23.45,66.9,98,100,2.89,CD,1701900612
504,valparaiso,-33.0393,-71.6273,68.0,62,0,16.11,CL,1701900614
505,rabo de peixe,37.8,-25.5833,67.51,99,75,17.27,PT,1701900331
506,naze,28.3667,129.4833,60.96,61,42,13.15,JP,1701900451
507,malindi,-3.2175,40.1191,80.24,84,89,7.74,KE,1701900617
508,illizi,26.4833,8.4667,63.55,18,76,5.77,DZ,1701900618
509,bangassou,4.7413,22.8184,70.68,95,98,2.55,CF,1701900619
510,san jose del guaviare,2.5729,-72.6459,83.73,66,74,3.06,CO,1701900586
511,carora,10.1755,-70.0827,85.24,39,100,13.56,VE,1701900621
512,bakanas,44.8081,76.2772,36.25,64,100,9.46,KZ,1701900622
513,severo-yeniseyskiy,60.3725,93.0408,-42.43,100,68,4.0,RU,1701900623
514,puerto colombia,10.9878,-74.9547,86.09,81,80,16.64,CO,1701900583
515,griffith,41.5284,-87.4237,37.35,75,40,12.66,US,1701900004
516,nikolayevsk-on-amure,53.1406,140.73,20.3,97,100,2.33,RU,1701900626
517,tralee,52.2704,-9.7026,47.59,95,99,4.7,IE,1701900627
518,westport,41.1415,-73.3579,39.02,65,100,12.66,US,1701900504
519,kununurra,-15.7667,128.7333,76.98,88,32,0.0,AU,1701900630
520,shevchenkove,49.6959,37.1735,26.08,73,86,13.35,UA,1701900631
521,moengo,5.6167,-54.4,75.34,94,58,5.86,SR,1701900632
522,lambayong,6.5194,125.0444,66.76,97,72,1.92,PH,1701900633
523,gizo,-8.103,156.8419,81.95,84,100,22.93,SB,1701900634
524,el calafate,-50.3408,-72.2768,59.38,49,11,14.5,AR,1701900636
525,qui nhon,13.7667,109.2333,75.25,86,100,10.92,VN,1701900638
526,labytnangi,66.6572,66.4183,-30.39,100,21,3.15,RU,1701900639
527,bayt al faqih,14.5164,43.3245,77.2,59,8,3.96,YE,1701900641
528,belyy yar,53.6039,91.3903,26.49,46,14,22.37,RU,1701900642
529,al burayqah,30.4062,19.5739,66.4,40,100,9.91,LY,1701900643
530,balabac,7.9868,117.0645,80.8,83,54,2.46,PH,1701900644
531,zhangatas,43.5667,69.75,29.08,58,100,7.09,KZ,1701900645
532,kijang,35.2442,129.2139,44.38,48,2,10.07,KR,1701900646
533,banfora,10.6333,-4.7667,80.28,14,9,2.62,BF,1701900647
534,tabua,40.3327,-8.0141,48.38,85,100,3.53,PT,1701900648
535,ketchikan,55.3422,-131.6461,46.38,70,75,6.91,US,1701900650
536,srednyaya yelyuzan',53.0241,45.9529,-2.27,100,75,2.82,RU,1701900651
537,belmonte,-15.8631,-38.8828,76.93,84,1,7.25,BR,1701900652
538,callao,-12.0667,-77.15,70.09,78,75,11.5,PE,1701900529
539,barra de santo antonio,-9.4047,-35.5072,79.88,80,26,7.63,BR,1701900655
540,whakatane,-37.9585,176.9854,71.51,71,0,5.01,NZ,1701900656
541,taoudenni,22.6783,-3.9836,72.59,11,100,6.42,ML,1701900657
542,kerikeri,-35.2268,173.9474,68.92,76,13,3.0,NZ,1701900658
543,hauterive,46.0901,3.4459,34.0,91,94,3.24,FR,1701900659
544,tucuma,-0.1833,-50.05,78.1,89,41,6.4,BR,1701900660
545,skowhegan,44.7651,-69.7192,21.76,90,99,2.75,US,1701900661
546,kochenevo,55.0218,82.202,-10.01,96,100,9.24,RU,1701900662
547,north platte,41.1239,-100.7654,62.49,38,0,3.44,US,1701900663
548,quellon,-43.1167,-73.6167,56.77,63,5,13.04,CL,1701900568
549,port douglas,-16.4833,145.4667,80.37,66,77,10.92,AU,1701900665
550,graaff-reinet,-32.2522,24.5308,59.92,81,2,1.99,ZA,1701900666
551,tyukhtet,56.5389,89.3011,-9.29,94,100,6.38,RU,1701900667
552,coquimbo,-29.9533,-71.3436,62.83,72,6,7.49,CL,1701900473
553,merizo village,13.2658,144.6691,82.96,83,89,15.61,GU,1701900669
554,menaka,15.9182,2.4022,78.73,13,1,9.55,ML,1701900393
555,sumbawa besar,-8.5,117.4333,76.77,89,100,3.22,ID,1701900671
556,argo,37.6333,22.7333,57.78,71,100,3.89,GR,1701900672
557,mogocha,53.7333,119.7667,-20.83,98,26,3.58,RU,1701900673
558,cuneo,44.3973,7.5445,40.51,60,2,4.61,IT,1701900674
559,nizhneudinsk,54.9076,99.0276,-1.95,98,100,5.61,RU,1701900676
560,guangyuan,32.442,105.823,45.27,69,0,1.45,CN,1701900677
561,hasaki,35.7333,140.8333,50.4,66,96,22.19,JP,1701900678
562,luanda,-8.8368,13.2343,80.22,74,32,8.81,AO,1701900679
563,adelia maria,-33.6315,-64.021,78.64,44,1,3.0,AR,1701900530
564,galesong,-5.3166,119.3661,75.22,84,100,3.0,ID,1701900681
565,albestii pamanteni,45.2167,24.6667,36.95,99,100,2.46,RO,1701900682
566,palmeiras de goias,-16.805,-49.9258,80.01,56,57,5.79,BR,1701900684
567,da lat,11.9465,108.4419,58.77,94,100,4.43,VN,1701900685
568,ke-macina,13.9623,-5.3572,79.66,12,2,9.4,ML,1701900686
569,santa luzia,-19.7697,-43.8514,81.5,61,28,6.04,BR,1701900687
570,bethal,-26.4579,29.4655,59.56,94,93,8.72,ZA,1701900688
571,la ronge,55.1001,-105.2842,33.3,81,98,7.94,CA,1701900689
572,oban,56.4127,-5.4706,37.85,76,100,12.93,GB,1701900691
573,morant bay,17.8815,-76.4093,80.58,81,12,11.27,JM,1701900692
574,huarmey,-10.0681,-78.1522,71.04,78,100,10.67,PE,1701900693
575,mount pearl,47.5166,-52.7813,24.73,85,37,1.01,CA,1701900456
576,boende,-0.2167,20.8667,71.87,99,100,2.44,CD,1701900695
577,port blair,11.6667,92.75,80.13,80,100,2.66,IN,1701900696
578,agat village,13.3886,144.6585,83.34,78,20,9.22,GU,1701900697
579,martuk,50.7475,56.5056,8.29,97,56,1.03,KZ,1701900699
580,pembroke,45.8168,-77.1162,12.18,81,8,2.21,CA,1701900700
581,panjakent,39.4952,67.6093,46.54,43,68,2.24,TJ,1701900700
582,shingu,33.7333,135.9833,56.59,74,2,12.66,JP,1701900702
583,gunjur,13.2019,-16.7339,77.07,88,0,11.5,GM,1701900703
584,buncrana,55.1333,-7.45,47.97,88,100,24.65,IE,1701900704
585,tuzha,57.6062,47.936,-17.45,100,35,2.46,RU,1701900705
